,,longName,L.Year,Today,1Y,30 day,7 day,MA_15,Max Up_15,Max Down_15,Avg Volume_15,vs_30,Composite Score,Trend,Analysis,Portfolio,Amount
SMH,0,VanEck Semiconductor ETF,120.09,234.17,94.99,89.72,86.35,0.9,0.97,0.84,8943080.0,0.33,35.65,Uptrend,Bull,23.16138253638254,2316.138253638254
URNM,0,North Shore Global Uranium Mining ETF,30.2,51.15,69.35,80.65,78.41,0.97,1.03,0.92,858393.33,-0.05,32.2,Uptrend,Bear,20.919958419958423,2091.9958419958425
BDRY,0,Breakwave Dry Bulk Shipping ETF,9.92,16.43,65.63,79.37,72.95,0.87,0.99,0.76,183640.0,0.32,30.89,Uptrend,Bull,20.068866943866944,2006.8866943866944
SOXX,0,iShares Semiconductor ETF,133.79,237.75,77.7,74.7,70.65,0.91,0.97,0.86,4962293.33,0.26,29.49,Uptrend,Bull,19.159303534303536,1915.9303534303535
IGM,0,iShares Expanded Tech Sector ETF,50.49,87.26,72.83,59.76,66.55,0.96,0.99,0.92,264666.67,0.2,25.69,Uptrend,Bull,16.690488565488568,1669.0488565488567
ARKW,0,ARK Next Generation Internet ETF,48.56,81.66,68.16,64.17,60.4,0.95,1.0,0.89,242693.33,0.23,25.35,Uptrend,Bull,,
URA,0,Global X Uranium ETF,18.94,29.35,54.94,62.29,61.95,0.96,1.0,0.92,3574260.0,-0.02,25.23,Uptrend,Bull,,
XHB,0,SPDR S&P Homebuilders ETF,66.36,106.04,59.78,53.81,63.29,0.96,0.99,0.93,2120153.33,0.36,23.88,Uptrend,Bull,,
QTEC,0,First Trust NASDAQ-100-Technology Sector Index Fund,120.0,195.66,63.05,57.91,57.73,0.97,0.99,0.93,105726.67,0.13,23.54,Uptrend,Bull,,
ITB,0,iShares U.S. Home Construction ETF,67.2,110.69,64.72,50.37,64.09,0.96,0.99,0.93,1686413.33,0.32,23.34,Uptrend,Bull,,
FTXL,0,First Trust Nasdaq Semiconductor ETF,60.5,95.0,57.03,57.41,52.97,0.92,0.97,0.88,44466.67,0.21,22.49,Uptrend,Bull,,
IYW,0,iShares U.S. Technology ETF,83.86,135.42,61.48,49.09,53.73,0.98,1.0,0.95,607506.67,0.11,20.98,Uptrend,Bull,,
SKYY,0,First Trust Cloud Computing ETF,62.32,96.4,54.69,49.02,53.67,0.97,1.01,0.93,184373.33,0.12,20.95,Uptrend,Bear,,
PRN,0,Invesco Dorsey Wright Industrials Momentum ETF,94.98,135.31,42.45,44.96,48.64,0.97,1.0,0.93,8393.33,0.4,19.19,Uptrend,Bear,,
AIQ,0,Global X Artificial Intelligence & Technology ETF,22.28,34.02,52.71,43.67,48.23,0.97,1.0,0.94,854626.67,0.18,18.81,Uptrend,Bull,,
IGV,0,iShares Expanded Tech-Software Sector ETF,55.94,85.41,52.67,41.99,49.22,1.0,1.02,0.96,3591026.67,0.03,18.65,Uptrend,Bear,,
XLK,0,Technology Select Sector SPDR Fund,137.01,210.48,53.62,43.37,47.59,0.98,1.0,0.95,7092320.0,0.1,18.6,Uptrend,Bear,,
IXN,0,iShares Global Tech ETF,49.46,75.3,52.25,42.54,46.51,0.97,1.0,0.94,136686.67,0.14,18.23,Uptrend,Bull,,
FTEC,0,Fidelity MSCI Information Technology Index ETF,104.04,157.55,51.43,41.87,46.38,0.97,1.0,0.94,239660.0,0.12,18.06,Uptrend,Bull,,
QQQ,0,Invesco QQQ Trust,290.65,445.45,53.26,41.45,46.37,0.98,1.0,0.96,43958806.67,0.14,17.98,Uptrend,Bear,,
FDN,0,First Trust Dow Jones Internet Index Fund,135.58,202.6,49.43,41.71,45.29,0.99,1.01,0.96,434520.0,0.11,17.82,Uptrend,Bear,,
VGT,0,Vanguard Information Technology Index Fund ETF Shares,352.34,530.16,50.47,40.94,45.45,0.97,1.0,0.94,471160.0,0.12,17.69,Uptrend,Bull,,
PAVE,0,Global X U.S. Infrastructure Development ETF,28.74,38.47,33.88,40.48,42.91,0.97,0.99,0.94,1125586.67,0.43,17.15,Uptrend,Bull,,
HACK,0,Amplify Cybersecurity ETF,45.37,65.23,43.77,38.62,43.39,0.99,1.02,0.94,187173.33,0.07,16.81,Uptrend,Bear,,
AIRR,0,First Trust RBA American Industrial RenaissanceTM ETF,49.39,64.35,30.28,42.17,39.34,0.96,1.0,0.92,76700.0,0.39,16.77,Uptrend,Bull,,
CIBR,0,First Trust NASDAQ Cybersecurity ETF,40.65,57.84,42.3,39.66,41.54,0.99,1.01,0.94,1071320.0,0.06,16.65,Uptrend,Bear,,
AMZA,0,InfraCap MLP ETF,30.31,40.15,32.48,34.58,42.59,0.97,1.0,0.91,44953.33,0.4,15.9,Uptrend,Bull,,
TDIV,0,First Trust NASDAQ Technology Dividend Index Fund,49.38,70.93,43.64,37.38,39.48,0.96,0.99,0.93,78140.0,0.19,15.8,Uptrend,Bull,,
AMJ,0,JPMorgan Alerian MLP Index ETN,21.13,28.0,32.49,33.44,41.37,0.97,1.0,0.93,460826.67,0.4,15.43,Uptrend,Bear,,
PSP,0,Invesco Global Listed Private Equity ETF,49.38,65.37,32.39,32.39,42.47,0.98,0.99,0.96,18826.67,0.23,15.41,Uptrend,Bull,,
VOX,0,Vanguard Communication Services Index Fund ETF Shares,88.25,127.73,44.74,34.08,39.48,1.0,1.01,0.99,144973.33,0.1,15.13,Uptrend,Bear,,
FCOM,0,Fidelity MSCI Communication Services Index ETF,33.5,48.31,44.2,33.67,39.06,1.0,1.01,0.98,83506.67,0.1,14.97,Uptrend,Bear,,
GREK,0,Global X MSCI Greece ETF,29.66,40.84,37.68,29.95,42.64,0.99,1.0,0.98,42066.67,0.18,14.95,Uptrend,Bear,,
RSPT,0,Invesco S&P 500 Equal Weight Technology ETF,26.04,35.77,37.37,35.5,37.02,0.96,0.99,0.93,551240.0,0.18,14.93,Uptrend,Bull,,
AMLP,0,Alerian MLP ETF,35.96,46.78,30.08,30.05,38.13,0.98,1.0,0.93,1255033.33,0.36,14.1,Uptrend,Bear,,
IYG,0,iShares U.S. Financial Services ETF,49.56,63.91,28.96,28.75,38.75,0.99,1.0,0.96,89193.33,0.29,13.95,Uptrend,Bear,,
IAK,0,iShares U.S. Insurance ETF,87.28,112.45,28.84,30.45,36.72,0.99,1.0,0.97,72513.33,0.27,13.89,Uptrend,Bear,,
ARKK,0,ARK Innovation ETF,36.98,50.25,35.88,34.65,32.57,0.99,1.03,0.94,12479160.0,0.11,13.87,Uptrend,Bear,,
IXP,0,iShares Global Comm Services ETF,58.14,82.22,41.42,30.95,36.22,0.99,1.0,0.98,13246.67,0.14,13.86,Uptrend,Bear,,
KCE,0,SPDR S&P Capital Markets ETF,82.53,107.71,30.5,30.36,36.15,0.97,1.0,0.95,19120.0,0.24,13.74,Uptrend,Bull,,
PSCI,0,Invesco S&P SmallCap Industrials ETF,96.45,121.9,26.39,32.12,33.68,0.98,0.99,0.97,8126.67,0.22,13.6,Uptrend,Bull,,
IYT,0,iShares Transportation Average ETF,54.21,70.6,30.23,28.85,36.49,0.99,1.0,0.97,487926.67,0.24,13.51,Uptrend,Bull,,
ATMP,0,Barclays ETN+ Select MLP ETN,17.87,23.05,28.99,29.06,36.17,0.97,1.0,0.92,18440.0,0.32,13.5,Uptrend,Bear,,
FINX,0,Global X FinTech ETF,20.45,26.76,30.86,29.72,34.06,0.97,1.0,0.93,138666.67,0.22,13.19,Uptrend,Bear,,
IYF,0,iShares U.S. Financials ETF,72.79,91.95,26.32,27.02,35.32,0.98,1.0,0.96,91853.33,0.29,12.92,Uptrend,Bear,,
FXR,0,First Trust Industrials/Producer Durables AlphaDEX Fund,55.57,70.36,26.62,28.43,33.6,0.97,0.99,0.94,66166.67,0.36,12.87,Uptrend,Bull,,
FNCL,0,Fidelity MSCI Financials Index ETF,46.35,57.3,23.63,25.72,32.99,0.98,1.0,0.96,73953.33,0.27,12.19,Uptrend,Bear,,
VFH,0,Vanguard Financials Index Fund ETF Shares,79.78,98.69,23.7,25.66,33.03,0.98,1.0,0.96,504760.0,0.27,12.19,Uptrend,Bear,,
KIE,0,SPDR S&P Insurance ETF,40.16,50.14,24.84,26.36,32.12,0.98,1.0,0.96,802386.67,0.28,12.15,Uptrend,Bear,,
FIDU,0,Fidelity MSCI Industrials Index ETF,52.13,65.85,26.32,26.8,30.68,0.98,0.99,0.96,79866.67,0.39,11.96,Uptrend,Bull,,
VIS,0,Vanguard Industrials Index Fund ETF Shares,188.11,236.78,25.87,26.4,30.54,0.98,1.0,0.96,86306.67,0.39,11.86,Uptrend,Bull,,
FITE,0,SPDR S&P Kensho Future Security ETF,45.0,57.67,28.15,25.57,30.72,0.98,1.0,0.96,4993.33,0.13,11.68,Uptrend,Bull,,
XLF,0,Financial Select Sector SPDR Fund,32.91,40.55,23.2,23.77,31.91,0.99,1.0,0.96,44742046.67,0.29,11.59,Uptrend,Bear,,
RSPN,0,Invesco S&P 500 Equal Weight Industrials ETF,37.3,46.43,24.47,25.82,29.74,0.98,0.99,0.96,64060.0,0.38,11.58,Uptrend,Bull,,
SBIO,0,ALPS Medical Breakthroughs ETF,28.52,37.0,29.75,21.91,33.4,0.99,1.05,0.94,12606.67,0.21,11.51,Uptrend,Bear,,
KBE,0,SPDR S&P Bank ETF,41.29,45.42,9.99,26.32,29.09,0.98,1.0,0.96,3660193.33,-0.02,11.47,Uptrend,Bear,,
FXO,0,First Trust Financials AlphaDEX Fund,39.36,45.5,15.59,22.62,30.94,0.98,1.0,0.96,68160.0,0.12,11.13,Uptrend,Bull,,
MLPX,0,Global X MLP & Energy Infrastructure ETF,37.95,46.98,23.8,23.25,29.82,0.97,1.0,0.92,106060.0,0.27,11.06,Uptrend,Bull,,
PPA,0,Invesco Aerospace & Defense ETF,79.4,99.93,25.86,23.79,28.82,0.97,1.0,0.95,136193.33,0.6,11.03,Uptrend,Bull,,
KBWB,0,Invesco KBW Bank ETF,47.65,51.07,7.19,23.62,29.44,0.97,1.0,0.94,817980.0,0.12,11.03,Uptrend,Bear,,
BIZD,0,VanEck BDC Income ETF,13.17,16.36,24.2,23.48,29.46,1.0,1.0,0.98,581020.0,-0.01,10.98,Uptrend,Bear,,
IYJ,0,iShares U.S. Industrials ETF,98.45,122.66,24.59,23.75,28.67,0.98,0.99,0.96,100373.33,0.36,10.95,Uptrend,Bull,,
MLPA,0,Global X MLP ETF,39.17,47.8,22.04,22.88,29.11,0.97,1.0,0.94,94513.33,0.36,10.86,Uptrend,Bull,,
KBWP,0,Invesco KBW Property & Casualty Insurance ETF,84.36,102.58,21.61,23.39,28.26,0.99,1.0,0.98,21846.67,0.27,10.78,Uptrend,Bear,,
DFNL,0,Davis Select Financial ETF,26.66,31.8,19.26,22.45,29.15,0.98,1.0,0.96,9806.67,0.19,10.75,Uptrend,Bull,,
RSPF,0,Invesco S&P 500 Equal Weight Financials ETF,53.56,61.66,15.12,22.68,28.43,0.98,1.0,0.96,13893.33,0.17,10.65,Uptrend,Bull,,
XLI,0,Industrial Select Sector SPDR Fund,99.12,122.57,23.66,23.48,27.36,0.98,1.0,0.96,9298286.67,0.41,10.64,Uptrend,Bull,,
IXG,0,iShares Global Financials ETF,69.53,83.94,20.72,20.48,29.43,0.98,1.0,0.95,10126.67,0.38,10.45,Uptrend,Bull,,
RBLD,0,First Trust Alerian U.S. NextGen Infrastructure ETF,48.67,60.57,24.44,22.79,27.1,0.97,0.99,0.95,1280.0,0.39,10.44,Uptrend,Bull,,
IAT,0,iShares U.S. Regional Banks ETF,41.84,41.79,-0.12,23.79,26.42,0.97,1.01,0.95,271893.33,-0.0,10.43,Uptrend,Bear,,
PHO,0,Invesco Water Resources ETF,51.86,64.71,24.77,22.86,26.79,0.98,1.0,0.96,64906.67,0.34,10.39,Uptrend,Bear,,
XAR,0,SPDR S&P Aerospace & Defense ETF,116.5,141.87,21.77,22.97,26.58,0.96,1.0,0.95,77193.33,0.33,10.37,Uptrend,Bull,,
IAI,0,iShares U.S. Broker-Dealers & Securities Exchanges ETF,93.68,111.95,19.5,21.41,27.86,0.98,1.0,0.95,14806.67,0.21,10.29,Uptrend,Bear,,
XBI,0,SPDR S&P Biotech ETF,78.71,98.79,25.5,20.1,28.69,0.98,1.04,0.92,12693366.67,0.19,10.2,Uptrend,Bear,,
EXI,0,iShares Global Industrials ETF,110.27,136.79,24.05,21.13,27.23,0.97,0.99,0.95,13626.67,0.43,10.15,Uptrend,Bull,,
PIO,0,Invesco Global Water ETF,33.52,42.24,26.01,21.25,26.47,0.97,0.99,0.93,11006.67,0.45,10.02,Uptrend,Bull,,
FIW,0,First Trust Water ETF,81.24,99.82,22.86,21.25,25.38,0.98,0.99,0.96,39013.33,0.31,9.78,Uptrend,Bull,,
EUFN,0,iShares MSCI Europe Financials ETF,18.43,21.84,18.53,16.43,29.74,0.96,0.99,0.93,258313.33,0.31,9.68,Uptrend,Bull,,
XSD,0,SPDR S&P Semiconductor ETF,198.23,240.14,21.14,25.81,19.38,0.93,0.97,0.9,56166.67,0.12,9.44,Uptrend,Bull,,
NXTG,0,First Trust IndXX NextG ETF,64.69,80.75,24.82,21.98,22.51,0.96,0.99,0.94,10526.67,0.19,9.32,Uptrend,Bull,,
XT,0,iShares Exponential Technologies ETF,49.97,61.02,22.11,19.28,22.38,0.97,0.99,0.95,95940.0,0.13,8.75,Uptrend,Bull,,
GRID,0,First Trust NASDAQ Clean Edge Smart Grid Infrastructure Index Fund,93.42,112.73,20.67,17.17,23.35,0.95,0.98,0.93,35053.33,0.39,8.57,Uptrend,Bull,,
PINK,0,Simplify Health Care ETF,24.01,29.99,24.89,16.38,23.97,1.0,1.01,0.98,125273.33,0.28,8.53,Uptrend,Bear,,
IEO,0,iShares U.S. Oil & Gas Exploration & Production ETF,84.9,97.64,15.01,16.23,23.95,0.97,0.99,0.94,106953.33,0.24,8.48,Uptrend,Bull,,
PPH,0,VanEck Pharmaceutical ETF,72.67,90.77,24.9,15.21,23.65,0.98,1.0,0.96,110746.67,0.38,8.24,Uptrend,Bull,,
IHE,0,iShares U.S. Pharmaceuticals ETF,55.07,68.02,23.51,15.61,22.28,1.01,1.02,0.99,98473.33,0.27,8.04,Downtrend,Bear,,
EBLU,0,Ecofin Global Water ESG Fund,38.01,45.63,20.05,16.18,21.34,0.98,1.0,0.96,1793.33,0.34,7.97,Uptrend,Bull,,
XME,0,SPDR S&P Metals and Mining ETF,53.7,58.99,9.86,18.49,18.75,0.96,0.97,0.94,2474600.0,0.08,7.85,Uptrend,Bull,,
FCG,0,First Trust Natural Gas ETF,22.26,25.4,14.13,13.22,23.86,0.97,1.0,0.91,279380.0,0.22,7.85,Uptrend,Bull,,
XTN,0,SPDR S&P Transportation ETF,74.67,83.5,11.83,14.78,21.9,0.99,1.01,0.98,11506.67,0.14,7.76,Uptrend,Bear,,
KBWD,0,Invesco KBW High Dividend Yield Financial ETF,13.48,15.25,13.12,14.58,21.79,0.98,1.0,0.96,128553.33,-0.04,7.66,Uptrend,Bull,,
IYH,0,iShares U.S. Healthcare ETF,49.44,61.54,24.47,13.86,22.1,0.99,1.01,0.98,286420.0,0.3,7.65,Uptrend,Bear,,
XOP,0,SPDR S&P Oil & Gas Exploration & Production ETF,127.15,142.35,11.95,14.35,21.52,0.98,1.0,0.94,3170326.67,0.22,7.61,Uptrend,Bull,,
TPYP,0,Tortoise North American Pipeline Fund,23.47,27.31,16.34,15.11,20.64,0.97,1.0,0.93,35126.67,0.24,7.59,Uptrend,Bull,,
FXN,0,First Trust Energy AlphaDEX Fund,15.54,17.46,12.34,14.29,21.24,0.97,0.99,0.93,2094120.0,0.24,7.54,Uptrend,Bull,,
RSPG,0,Invesco S&P 500 Equal Weight Energy ETF,67.56,77.01,14.0,12.81,22.57,0.97,0.99,0.93,80846.67,0.26,7.51,Uptrend,Bull,,
KRE,0,SPDR S&P Regional Banking ETF,51.22,49.53,-3.3,18.42,16.71,0.97,1.0,0.96,15506313.33,-0.08,7.4,Uptrend,Bull,,
EVX,0,VanEck Environmental Services ETF,138.86,161.63,16.4,15.42,18.47,0.99,1.0,0.96,1893.33,0.41,7.25,Uptrend,Bear,,
FMAT,0,Fidelity MSCI Materials Index ETF,44.54,50.78,14.0,13.7,18.68,0.96,0.99,0.93,27533.33,0.32,6.93,Uptrend,Bull,,
XLB,0,Materials Select Sector SPDR Fund,78.22,89.87,14.89,13.23,19.09,0.96,0.99,0.93,4584233.33,0.34,6.92,Uptrend,Bull,,
VAW,0,Vanguard Materials Index Fund ETF Shares,173.72,197.97,13.96,13.61,18.68,0.96,0.99,0.93,43146.67,0.31,6.91,Uptrend,Bull,,
OIH,0,VanEck Oil Services ETF,297.87,310.91,4.38,13.46,18.74,0.96,0.98,0.93,334086.67,0.09,6.84,Uptrend,Bull,,
IFRA,0,iShares U.S. Infrastructure ETF,36.9,41.8,13.29,13.84,17.11,0.97,0.99,0.94,270506.67,0.26,6.63,Uptrend,Bull,,
ITA,0,iShares U.S. Aerospace & Defense ETF,112.96,129.87,14.96,13.24,16.99,0.98,1.0,0.96,374933.33,0.36,6.51,Uptrend,Bull,,
PTH,0,Invesco Dorsey Wright Healthcare Momentum ETF,37.29,45.25,21.36,10.67,19.28,1.0,1.04,0.96,18993.33,0.28,6.45,Uptrend,Bear,,
WBIF,0,WBI BullBear Value 3000 ETF,26.7,29.98,12.3,14.7,14.97,0.97,0.99,0.95,3033.33,0.38,6.4,Uptrend,Bull,,
XLV,0,Health Care Select Sector SPDR Fund,123.02,146.7,19.25,10.63,17.02,0.99,1.01,0.98,8542706.67,0.31,5.99,Uptrend,Bear,,
LCTD,0,BlackRock World ex U.S. Carbon Transition Readiness ETF,39.27,45.63,16.18,9.46,18.18,0.97,0.99,0.95,11186.67,0.27,5.97,Uptrend,Bull,,
PHDG,0,Invesco S&P 500 Downside Hedged ETF,31.53,36.55,15.91,12.91,14.59,0.98,0.99,0.97,13906.67,0.25,5.94,Uptrend,Bull,,
JETS,0,U.S. Global Jets ETF,19.59,20.31,3.68,11.29,15.86,0.99,1.0,0.98,2444986.67,0.25,5.88,Uptrend,Bull,,
FHLC,0,Fidelity MSCI Health Care Index ETF,58.65,69.38,18.29,9.87,16.46,0.99,1.0,0.98,110433.33,0.29,5.72,Uptrend,Bear,,
VHT,0,Vanguard Health Care Index Fund ETF Shares,227.27,269.01,18.36,9.87,16.43,0.99,1.01,0.98,192193.33,0.3,5.72,Uptrend,Bear,,
CGW,0,Invesco S&P Global Water Index ETF,47.32,54.49,15.15,10.59,15.73,0.98,0.99,0.96,43580.0,0.28,5.71,Uptrend,Bull,,
IXC,0,iShares Global Energy ETF,36.9,40.39,9.46,7.05,17.45,0.98,0.99,0.95,477500.0,0.22,5.33,Uptrend,Bull,,
IXJ,0,iShares Global Healthcare ETF,78.36,92.91,18.56,8.02,16.29,0.99,1.0,0.97,131826.67,0.32,5.32,Uptrend,Bull,,
VDE,0,Vanguard Energy Index Fund ETF Shares,112.43,122.51,8.97,7.65,16.78,0.98,0.99,0.95,458320.0,0.22,5.32,Uptrend,Bull,,
FENY,0,Fidelity MSCI Energy Index ETF,22.09,24.07,8.96,7.61,16.79,0.98,0.99,0.95,701160.0,0.22,5.31,Uptrend,Bull,,
EMLP,0,First Trust North American Energy Infrastructure Fund,25.58,28.76,12.44,8.96,15.25,0.97,0.99,0.94,212420.0,0.28,5.29,Uptrend,Bull,,
IGE,0,iShares North American Natural Resources ETF,38.14,42.11,10.41,8.01,16.25,0.97,0.99,0.93,82660.0,0.23,5.29,Uptrend,Bull,,
IYM,0,iShares U.S. Basic Materials ETF,129.62,142.29,9.77,9.88,14.34,0.96,0.99,0.93,14880.0,0.25,5.28,Uptrend,Bull,,
ROBO,0,Robo Global Robotics and Automation Index ETF,52.7,59.18,12.3,10.14,14.05,0.96,0.99,0.94,73560.0,0.17,5.26,Uptrend,Bull,,
ARKX,0,ARK Space Exploration & Innovation ETF,13.65,15.09,10.55,11.21,12.95,0.97,0.99,0.95,65626.67,0.12,5.25,Uptrend,Bull,,
XLE,0,Energy Select Sector SPDR Fund,80.74,87.86,8.82,6.08,16.02,0.98,0.99,0.95,14878206.67,0.23,4.86,Uptrend,Bull,,
FXZ,0,First Trust Materials AlphaDEX Fund,65.54,68.63,4.72,9.94,11.71,0.97,0.99,0.93,45853.33,0.12,4.74,Uptrend,Bull,,
IHF,0,iShares U.S. Healthcare Providers ETF,47.2,53.24,12.81,8.27,12.26,1.0,1.02,0.98,117040.0,0.12,4.53,Downtrend,Bear,,
RSPC,0,Invesco S&P 500 Equal Weight Communication Services ETF,25.86,28.97,12.03,7.98,11.7,1.0,1.02,0.99,21813.33,-0.05,4.33,Downtrend,Bear,,
IYE,0,iShares U.S. Energy ETF,43.04,45.99,6.85,4.97,14.22,0.98,0.99,0.95,548126.67,0.23,4.27,Uptrend,Bull,,
DRLL,0,Strive U.S. Energy ETF,27.3,29.2,6.96,4.99,13.76,0.98,0.99,0.95,37333.33,0.23,4.19,Uptrend,Bull,,
RSPH,0,Invesco S&P 500 Equal Weight Health Care ETF,27.92,31.62,13.27,5.8,12.27,0.98,0.99,0.97,91573.33,0.29,4.07,Uptrend,Bull,,
IHI,0,iShares U.S. Medical Devices ETF,51.1,58.68,14.82,3.81,13.11,0.98,0.99,0.96,1084033.33,0.29,3.83,Uptrend,Bull,,
NFRA,0,FlexShares STOXX Global Broad Infrastructure Index Fund,48.86,54.39,11.33,4.75,10.07,0.98,0.99,0.96,50920.0,0.16,3.39,Uptrend,Bull,,
IBB,0,iShares Biotechnology ETF,123.61,138.32,11.9,3.87,10.21,0.99,1.02,0.97,2139820.0,0.08,3.23,Uptrend,Bear,,
XPH,0,SPDR S&P Pharmaceuticals ETF,40.17,44.07,9.7,4.58,8.69,1.01,1.03,1.0,34293.33,0.14,3.09,Downtrend,Bear,,
EMIF,0,iShares Emerging Markets Infrastructure ETF,20.51,21.77,6.12,4.97,7.55,0.99,1.01,0.96,1080.0,0.13,2.93,Uptrend,Bear,,
PBE,0,Invesco Biotechnology & Genome ETF,61.65,66.68,8.17,4.69,7.36,0.98,1.01,0.95,25253.33,0.07,2.82,Uptrend,Bear,,
JHMU,0,John Hancock Dynamic Municipal Bond ETF,24.89,27.12,8.97,1.71,7.23,0.99,1.0,0.99,600.0,0.21,2.23,Uptrend,Bull,,
IDNA,0,iShares Genomics Immunology and Healthcare ETF,22.76,24.28,6.66,1.92,6.43,0.99,1.04,0.94,53980.0,0.18,2.11,Uptrend,Bear,,
INFL,0,Horizon Kinetics Inflation Beneficiaries ETF,29.48,31.34,6.3,1.58,6.52,0.98,0.99,0.95,138613.33,0.14,2.04,Uptrend,Bull,,
BLLD,0,JPMorgan Sustainable Infrastructure ETF,44.72,47.6,6.43,0.88,6.47,0.97,0.99,0.95,373.33,0.11,1.88,Uptrend,Bull,,
GLIF,0,AGF Global Infrastructure ETF,24.41,25.78,5.6,1.57,5.65,0.97,0.99,0.95,2166.67,0.13,1.86,Uptrend,Bull,,
TOLZ,0,ProShares DJ Brookfield Global Infrastructure ETF,42.99,45.7,6.3,1.16,6.01,0.97,0.99,0.95,6673.33,0.18,1.86,Uptrend,Bull,,
ARKG,0,ARK Genomic Revolution ETF,28.65,30.42,6.18,-0.52,7.61,1.02,1.08,0.99,2405333.33,0.06,1.85,Downtrend,Bear,,
UTES,0,Virtus Reaves Utilities ETF,43.67,46.62,6.76,1.58,4.9,0.96,0.99,0.93,4000.0,0.31,1.75,Uptrend,Bull,,
BBH,0,VanEck Biotech ETF,152.6,164.87,8.04,0.81,5.24,1.0,1.01,0.98,6146.67,-0.01,1.61,Uptrend,Bear,,
PICK,0,iShares MSCI Global Metals & Mining Producers ETF,40.58,40.52,-0.15,0.76,4.44,0.98,0.99,0.97,143060.0,0.02,1.44,Uptrend,Bull,,
PJP,0,Invesco Pharmaceuticals ETF,73.51,77.81,5.85,-1.31,5.36,1.0,1.01,0.98,28826.67,0.08,1.23,Uptrend,Bear,,
GNR,0,SPDR S&P Global Natural Resources ETF,54.95,55.02,0.13,-0.54,4.38,0.97,0.99,0.95,377120.0,0.14,1.19,Uptrend,Bull,,
COPX,0,Global X Copper Miners ETF,35.63,38.02,6.72,-3.11,6.87,0.95,0.98,0.92,822913.33,0.1,1.15,Uptrend,Bull,,
FXH,0,First Trust Health Care AlphaDEX Fund,104.19,108.68,4.31,-1.13,4.09,0.98,1.0,0.96,31913.33,0.26,1.04,Uptrend,Bull,,
GII,0,SPDR S&P Global Infrastructure ETF,50.87,52.75,3.7,-1.49,3.33,0.98,0.99,0.95,16853.33,0.14,0.79,Uptrend,Bull,,
IGF,0,iShares Global Infrastructure ETF,44.79,46.36,3.5,-1.54,3.25,0.98,0.99,0.95,326800.0,0.13,0.76,Uptrend,Bull,,
IYZ,0,iShares U.S. Telecommunications ETF,21.84,21.81,-0.12,1.64,-0.79,1.01,1.02,1.0,817680.0,-0.2,0.54,Downtrend,Bear,,
FBT,0,First Trust NYSE Arca Biotechnology Index Fund,149.94,154.79,3.23,-1.99,2.59,0.98,1.0,0.95,35040.0,0.08,0.53,Uptrend,Bull,,
PUI,0,Invesco Dorsey Wright Utilities Momentum ETF,31.47,32.71,3.95,-1.66,1.63,0.96,1.0,0.93,11340.0,0.26,0.43,Uptrend,Bull,,
IDU,0,iShares U.S. Utilities ETF,78.59,81.71,3.98,-2.73,1.13,0.97,0.99,0.95,41793.33,0.24,0.12,Uptrend,Bull,,
RSPU,0,Invesco S&P 500 Equal Weight Utilities ETF,53.29,55.1,3.39,-3.08,0.55,0.97,0.99,0.94,44353.33,0.21,-0.07,Uptrend,Bull,,
FXU,0,First Trust Utilities AlphaDEX Fund,31.22,31.63,1.3,-3.31,0.08,0.96,0.99,0.94,120120.0,0.2,-0.22,Uptrend,Bull,,
XTL,0,SPDR S&P Telecom ETF,78.67,74.94,-4.75,0.34,-4.0,1.01,1.04,0.99,3413.33,-0.09,-0.34,Downtrend,Bear,,
GUNR,0,FlexShares Morningstar Global Upstream Natural Resources Index Fund,40.74,39.61,-2.78,-4.6,0.59,0.97,0.99,0.95,765486.67,0.13,-0.39,Uptrend,Bull,,
JXI,0,iShares Global Utilities ETF,55.39,57.49,3.8,-4.86,0.71,0.97,0.99,0.95,7966.67,0.13,-0.42,Uptrend,Bull,,
NANR,0,SPDR S&P North American Natural Resources ETF,50.55,50.47,-0.17,-5.97,1.65,0.97,0.99,0.93,25480.0,0.18,-0.44,Uptrend,Bull,,
PSCH,0,Invesco S&P SmallCap Health Care ETF,43.4,43.15,-0.57,-5.06,0.19,0.99,1.02,0.98,31266.67,0.07,-0.56,Uptrend,Bear,,
INFR,0,ClearBridge Sustainable Infrastructure ETF,23.15,23.99,3.62,-5.64,0.74,0.98,0.99,0.97,73.33,0.08,-0.57,Uptrend,Bull,,
ECLN,0,First Trust EIP Carbon Impact ETF,24.05,23.96,-0.39,-4.99,-0.41,0.98,0.99,0.96,3553.33,0.15,-0.66,Uptrend,Bull,,
RING,0,iShares MSCI Global Gold Miners ETF,20.25,23.65,16.78,-8.06,0.11,0.9,0.99,0.86,109280.0,0.13,-1.19,Uptrend,Bull,,
XLU,0,Utilities Select Sector SPDR Fund,63.34,63.59,0.4,-6.31,-2.64,0.97,0.99,0.95,15374866.67,0.18,-1.36,Uptrend,Bull,,
VPU,0,Vanguard Utilities Index Fund ETF Shares,138.08,137.99,-0.07,-6.34,-2.95,0.97,0.99,0.95,218426.67,0.19,-1.43,Uptrend,Bull,,
FUTY,0,Fidelity MSCI Utilities Index ETF,41.16,41.11,-0.12,-6.4,-2.93,0.97,0.99,0.95,207133.33,0.19,-1.44,Uptrend,Bull,,
RNEW,0,VanEck Green Infrastructure ETF,25.14,23.18,-7.81,-6.05,-3.35,0.98,1.01,0.96,233.33,0.14,-1.46,Uptrend,Bear,,
GDXJ,0,VanEck Junior Gold Miners ETF,32.15,36.08,12.21,-9.23,-3.31,0.91,0.98,0.86,6938893.33,0.11,-2.11,Uptrend,Bull,,
PSCU,0,Invesco S&P SmallCap Utilities & Communication Services ETF,54.15,51.22,-5.41,-7.16,-5.57,1.0,1.04,0.99,2380.0,-0.01,-2.14,Downtrend,Bear,,
GDX,0,VanEck Gold Miners ETF,26.25,29.61,12.8,-10.45,-3.26,0.91,0.98,0.87,27162606.67,0.11,-2.34,Uptrend,Bull,,
XHE,0,SPDR S&P Health Care Equipment ETF,90.38,86.61,-4.17,-12.72,-4.78,0.99,1.0,0.97,28933.33,0.11,-3.08,Uptrend,Bear,,
KWEB,0,KraneShares CSI China Internet ETF,27.63,24.91,-9.86,-10.5,-11.74,1.02,1.05,0.99,19354346.67,0.01,-4.04,Downtrend,Bear,,
MOO,0,VanEck Agribusiness ETF,84.85,72.85,-14.15,-12.76,-10.58,0.99,1.0,0.98,57633.33,0.08,-4.25,Uptrend,Bull,,
SIL,0,Global X Silver Miners ETF,25.45,25.4,-0.19,-15.7,-12.53,0.93,0.98,0.89,402986.67,0.03,-5.26,Uptrend,Bull,,
SILJ,0,Amplify Junior Silver Miners ETF,9.33,9.12,-2.25,-17.02,-13.55,0.9,0.98,0.86,1504980.0,0.04,-5.73,Uptrend,Bull,,
LIT,0,Global X Lithium & Battery Tech ETF,60.98,44.76,-26.6,-24.04,-23.91,0.98,1.05,0.93,552000.0,0.03,-9.18,Uptrend,Bear,,
ICLN,0,iShares Global Clean Energy ETF,19.18,14.27,-25.59,-26.86,-22.1,0.98,1.03,0.96,3500773.33,0.05,-9.38,Uptrend,Bear,,
QCLN,0,First Trust NASDAQ Clean Edge Green Energy Index Fund,51.53,35.45,-31.21,-25.31,-26.43,0.99,1.06,0.95,222066.67,0.01,-9.94,Uptrend,Bear,,
PBW,0,Invesco WilderHill Clean Energy ETF,39.57,23.41,-40.84,-34.41,-34.31,1.02,1.1,0.96,254326.67,-0.02,-13.33,Downtrend,Bear,,
TAN,0,Invesco Solar ETF,76.95,44.97,-41.56,-42.08,-36.16,0.98,1.05,0.93,1029613.33,0.04,-15.24,Uptrend,Bear,,
